depth,entropy
1,1.479023244735419
2,1.468586590512695
3,1.5636194335080489
4,1.5769740923510571
