depth,entropy
1,1.479023244735419
2,1.4749905317392804
3,1.5669473573273613
4,1.5794246452735585
