{
  "behavioral_churn_rate": 0.0,
  "dead_end_rate": 0.6666666666666666,
  "extra_forward_per_task": 0.0,
  "sr_by_depth": {
    "2": 1.0,
    "4": 0.0,
    "6": 0.0
  },
  "success_rate": 0.3333333333333333,
  "tokens_per_task": 6.0
}
