method,depth,quality_drop
foreact_smoke,1,0.17135569384028598
foreact_smoke,2,0.18523664626492853
foreact_smoke,3,0.09328217404071559
foreact_smoke,4,0.07322254809021006
