method,depth,quality_drop
foreact_smoke,1,0.17135569384028598
foreact_smoke,2,0.19064024862834472
foreact_smoke,3,0.0975070319096435
foreact_smoke,4,0.07645940417663943
